question,answer,processed_question,processed_answer
What is Vault in Lytics?,Vault is a feature in Lytics that helps manage and secure user identities.,vault lytic,vault featur lytic help manag secur user ident
What is Identity Resolution in Lytics?,Identity Resolution is a key concept in Lytics that helps unify customer identities across different data sources.,ident resolut lytic,ident resolut key concept lytic help unifi custom ident across differ data sourc
What is Cloud Connect in Lytics?,Cloud Connect allows you to connect your data warehouses to Lytics for better data management.,cloud connect lytic,cloud connect allow connect data warehous lytic better data manag
What SDKs are available for Lytics?,"Lytics provides SDKs for Web, Mobile, and Chrome Extension integrations.",sdk avail lytic,lytic provid sdk web mobil chrome extens integr
How does mParticle ensure data quality?,mParticle ensures data quality by providing validation and monitoring features.,mparticl ensur data qualiti,mparticl ensur data qualiti provid valid monitor featur
How do I integrate data sources in Zeotap?,You can integrate data sources in Zeotap using the Integration Options available in the platform.,integr data sourc zeotap,integr data sourc zeotap use integr option avail platform
How do I personalize experiences using Segment?,You can build audiences and journeys from real-time customer data to personalize experiences on every channel.,person experi use segment,build audienc journey realtim custom data person experi everi channel
What SDKs are available for Lytics?,"Lytics provides SDKs for Web, Mobile, and Chrome Extension integrations.",sdk avail lytic,lytic provid sdk web mobil chrome extens integr
How does mParticle ensure data quality?,mParticle ensures data quality by providing validation and monitoring features.,mparticl ensur data qualiti,mparticl ensur data qualiti provid valid monitor featur
What is the Events API in mParticle?,The Events API allows you to send events directly to mParticle for processing.,event api mparticl,event api allow send event directli mparticl process
How does mParticle ensure user privacy?,"mParticle ensures compliance with GDPR, CCPA, and your privacy policies through its User Privacy features.",mparticl ensur user privaci,mparticl ensur complianc gdpr ccpa privaci polici user privaci featur
How do I personalize experiences using Segment?,You can build audiences and journeys from real-time customer data to personalize experiences on every channel.,person experi use segment,build audienc journey realtim custom data person experi everi channel
How does Zeotap ensure compliance with GDPR?,Zeotap ensures compliance with GDPR by implementing features like Consent management and Data Lifecycle controls.,zeotap ensur complianc gdpr,zeotap ensur complianc gdpr implement featur like consent manag data lifecycl control
How does mParticle ensure data quality?,mParticle ensures data quality by providing validation and monitoring features.,mparticl ensur data qualiti,mparticl ensur data qualiti provid valid monitor featur
What is Segment?,"Segment is a customer data platform that helps you collect, manage, and integrate your customer data with hundreds of tools.",segment,segment custom data platform help collect manag integr custom data hundr tool
How do I activate audiences in Lytics?,You can activate audiences by leveraging user profiles and using the Audiences feature.,activ audienc lytic,activ audienc leverag user profil use audienc featur
How does mParticle ensure data quality?,mParticle ensures data quality by providing validation and monitoring features.,mparticl ensur data qualiti,mparticl ensur data qualiti provid valid monitor featur
How does mParticle ensure user privacy?,"mParticle ensures compliance with GDPR, CCPA, and your privacy policies through its User Privacy features.",mparticl ensur user privaci,mparticl ensur complianc gdpr ccpa privaci polici user privaci featur
What is Segment?,"Segment is a customer data platform that helps you collect, manage, and integrate your customer data with hundreds of tools.",segment,segment custom data platform help collect manag integr custom data hundr tool
How can Segment help with data collection?,"Segment simplifies data collection and integrates the tools you need for analytics, growth, and marketing.",segment help data collect,segment simplifi data collect integr tool need analyt growth market
How do I protect data integrity in Segment?,Segment prevents data quality issues with a tracking schema and enforcement with Protocols.,protect data integr segment,segment prevent data qualiti issu track schema enforc protocol
What is the Segment Spec?,"The Segment Spec helps you identify, capture, and format meaningful data for use with Segment libraries and APIs.",segment spec,segment spec help identifi captur format meaning data use segment librari api
How do I create audiences in Zeotap?,You can create audiences in Zeotap to segment and activate your customer data.,creat audienc zeotap,creat audienc zeotap segment activ custom data
How do I create custom journeys in Zeotap?,You can create custom journeys in Zeotap using the ID feature to provide optimal actions based on user behavior.,creat custom journey zeotap,creat custom journey zeotap use id featur provid optim action base user behavior
What is Zeotap CDP?,"Zeotap CDP is a customer data platform that helps businesses collect, unify, and activate customer data across multiple platforms.",zeotap cdp,zeotap cdp custom data platform help busi collect unifi activ custom data across multipl platform
How do I monitor metrics in Lytics?,You can monitor metrics and alerts through the Monitoring section in Lytics.,monitor metric lytic,monitor metric alert monitor section lytic
What is Zeotap CDP?,"Zeotap CDP is a customer data platform that helps businesses collect, unify, and activate customer data across multiple platforms.",zeotap cdp,zeotap cdp custom data platform help busi collect unifi activ custom data across multipl platform
How do I unify customer data in Zeotap?,"You can unify customer data using the Catalogue, Calculated Attributes, and ID Strategy features.",unifi custom data zeotap,unifi custom data use catalogu calcul attribut id strategi featur
How do I create custom journeys in Zeotap?,You can create custom journeys in Zeotap using the ID feature to provide optimal actions based on user behavior.,creat custom journey zeotap,creat custom journey zeotap use id featur provid optim action base user behavior
